customerID,Churn
6614-YWYSC,False
9546-KDTRB,False
0871-URUWO,True
5151-HQRDG,False
6624-JDRDS,False
3082-VQXNH,False
1309-XGFSN,False
9402-ORRAH,True
8663-UPDGF,False
0455-ENTCR,False
2038-OEQZH,True
7993-PYKOF,True
4361-FEBGN,False
3898-BSJYF,False
8869-LIHMK,False
5482-VXSXJ,True
9497-QCMMS,True
8587-XYZSF,False
1902-XBTFB,False
9614-RMGHA,False
3551-GAEGL,False
7463-IFMQU,False
5404-GGUKR,False
1751-NCDLI,True
7394-LWLYN,True
2027-DNKIV,False
4213-HKBJO,False
1915-OAKWD,False
4229-CZMLL,True
4640-UHDOS,False
3946-JEWRQ,False
0488-GSLFR,True
4106-HADHQ,False
8041-TMEID,False
5863-OOKCL,False
2740-JFBOK,False
2823-LKABH,True
8757-TFHHJ,False
0230-WEQUW,False
7515-LODFU,False
9048-JVYVF,False
3274-NSDWE,False
0895-LNKRC,False
2429-AYKKO,False
6847-KJLTS,False
9408-HRXRK,False
5153-LXKDT,False
8818-XYFCQ,False
6358-LYNGM,True
8270-RKSAP,True
7909-FIOIY,False
3161-ONRWK,False
6311-UEUME,True
4376-KFVRS,False
5461-QKNTN,False
1062-LHZOD,True
6476-YHMGA,False
0432-CAJZV,True
6651-AZVTJ,False
5348-CAGXB,True
5275-SQEIZ,True
1866-ZSLJM,False
7401-RUBNK,False
8580-QVLOC,False
3976-HXHCE,False
6572-ADKRS,False
2070-FNEXE,False
3262-EIDHV,False
1755-FZQEC,False
8336-TAVKX,False
2103-ZRXFN,False
0784-ZQJZX,False
3727-RJMEO,True
8896-RAZCR,False
5624-BQSSA,False
1328-EUZHC,False
1338-CECEE,False
7033-CLAMM,False
9739-JLPQJ,False
2294-DMMUS,False
3679-XASPY,False
3088-LHEFH,True
3018-TFTSU,False
6352-TWCAU,True
9432-VOFYX,True
7129-AZJDE,False
9348-ROUAI,False
4174-LPGTI,False
4896-CPRPF,False
4900-MSOMT,False
3723-BFBGR,False
6718-BDGHG,False
3045-XETSH,True
3275-RHRNE,False
8012-SOUDQ,True
7083-MIOPC,False
7508-KBIMB,False
1304-BCCFO,False
2720-FVBQP,False
6174-NRBTZ,False
0780-XNZFN,False
0324-BRPCJ,False
7826-VVKWT,False
8436-BJUMM,True
4727-MCYZG,False
0401-WDBXM,False
9369-XFEHK,False
4835-YSJMR,False
7354-OIJLX,True
4032-RMHCI,False
0670-ANMUU,False
8966-OIQHG,False
3071-MVJCD,False
9290-SHCMB,True
3696-DFHHB,False
4146-SVFUD,False
0505-SPOOW,False
6152-ONASV,False
0117-LFRMW,False
9938-PRCVK,False
0221-WMXNQ,True
7228-OMTPN,True
6749-UTDVX,False
9801-NOSHQ,False
8007-YYPWD,False
2817-NTQDO,False
2732-ISEZX,False
2361-UPSND,False
4198-VFOEA,False
2122-SZZZD,False
8756-RDDLT,False
4800-VHZKI,False
0219-QAERP,False
3058-HJCUY,False
9185-TQCVP,True
0060-FUALY,False
4299-OPXEJ,False
4706-AXVKM,True
2651-ZCBXV,False
6784-XYJAE,False
9227-UAQFT,False
0942-KOWSM,False
7128-GGCNO,False
3099-OONVS,False
7130-VTEWQ,True
4981-FLTMF,False
8628-MFKAX,False
9112-WSNPU,False
5692-FPTAH,False
8185-UPYBR,True
3887-PBQAO,False
4706-DGAHW,False
8398-TBIYD,False
2314-TNDJQ,False
7511-YMXVQ,True
4908-XAXAY,False
6633-SYEUS,False
6745-JEFZB,False
8740-XLHDR,False
0637-UBJRP,False
7605-SNLQG,False
7077-XJMET,False
2569-WGERO,False
9629-NHXFW,False
3714-XPXBW,False
3572-UUHRS,False
2344-JMOGN,True
0125-LZQXK,True
4910-GMJOT,True
1845-CSBRZ,True
9878-TNQGW,True
3915-ODIYG,False
1025-FALIX,False
5312-TSZVC,False
9500-LTVBP,False
6661-HBGWL,True
6968-URWQU,False
6688-UZPWD,True
2911-IJORQ,False
3096-YXENJ,False
7593-XFKDI,False
9578-VRMNM,False
8039-ACLPL,False
4367-NHWMM,True
7880-XSOJX,False
9499-XPZXM,False
8496-DMZUK,False
2135-DQWAQ,True
9391-LMANN,False
0612-RTZZA,True
3656-TKRVZ,False
7952-OBOYL,True
2452-KDRRH,False
6064-PUPMC,False
4751-ERMAN,False
2320-SLKMB,False
2176-LVPNX,False
7691-XVTZH,False
1618-CFHME,True
1897-OKVMW,False
4623-ZKHLY,False
8329-UTMVM,False
3413-DHLPB,False
3401-URHDA,False
8837-VVWLQ,True
1077-HUUJM,True
1089-XZWHH,False
0835-DUUIQ,False
3269-ATYWD,True
7075-BNDVQ,False
9766-HGEDE,False
2706-QZIHY,False
0707-HOVVN,False
7594-RQHXR,True
0020-JDNXP,False
6985-HAYWX,False
2400-FEQME,False
1173-NOEYG,True
0980-FEXWF,False
8149-AIQCG,False
6927-WTFIV,False
4104-PVRPS,False
8871-JLMHM,False
7503-QQRVF,True
8040-MNRTF,True
3181-VTHOE,False
6161-UUUTA,True
5480-TBGPH,True
4718-WXBGI,False
2465-BLLEU,False
7605-BDWDC,False
1024-GUALD,True
7103-IPXPJ,False
3654-ARMGP,False
7206-PQBBZ,True
4537-DKTAL,False
8659-HDIYE,False
4654-GGUII,False
3284-SVCRO,False
8734-FNWVH,False
4018-PPNDW,False
6360-SVNWV,False
5821-MMEIL,False
1174-FGIFN,False
7349-ALMUX,False
7047-FWEYA,False
9967-ATRFS,False
8838-GPHZP,False
5736-YEJAX,False
6668-CNMFP,False
0410-IPFTY,False
1763-KUAAW,False
0440-QEXBZ,False
1363-TXLSL,True
3027-ZTDHO,True
4718-DHSMV,False
9746-UGFAC,False
5016-IBERQ,True
2402-TAIRZ,False
9674-EHPPG,False
4425-OWHWB,False
9637-EIHEQ,False
5320-BRKGK,False
5149-QYTTU,False
2065-MMKGR,False
1265-ZFOSD,False
8473-VUVJN,True
1349-WXNGG,False
7781-EWARA,False
5546-QUERU,False
4628-CTTLA,False
4884-TVUQF,False
2587-YNLES,False
0230-UBYPQ,False
6979-TNDEU,False
1208-DNHLN,False
5777-KJIRB,False
0603-TPMIB,False
1133-KXCGE,False
8563-OYMQY,True
6769-DYBQN,False
1159-WFSGR,False
0921-OHLVP,True
6418-PIQSP,False
9200-NLNPD,False
4795-KTRTH,True
8218-FFJDS,False
6410-LEFEN,False
0052-DCKON,False
6635-CPNUN,False
4355-CVPVS,False
4237-RLAQD,False
2034-CGRHZ,True
4807-IZYOZ,False
5949-EBSQK,False
4500-HKANN,False
8812-ZRHFP,False
3712-PKXZA,False
8174-LNWMW,False
6502-MJQAE,True
0031-PVLZI,False
7901-HXJVA,True
5802-ADBRC,False
3453-RTHJQ,True
2189-WWOEW,True
9378-FXTIZ,False
1320-REHCS,False
4817-VYYWS,True
5896-NPFWW,False
5012-YSPJJ,False
3445-HXXGF,False
9880-TDQAC,False
3426-NIYYL,False
3800-LYTRK,False
2982-IHMFT,True
1599-EAHXY,False
8779-YIQQA,False
1932-UEDCX,True
8079-XRJRS,False
3740-RLMVT,False
8058-JMEQO,True
5315-CKEQK,False
6088-BXMRG,True
9625-QNLUX,False
0975-UYDTX,False
7963-GQRMY,False
7480-SPLEF,False
5119-KEPFY,True
4568-KNYWR,False
2522-WLNSF,False
9101-BWFSS,False
4079-VTGLK,False
5115-SQAAU,False
6892-EZDTG,True
6736-DHUQI,False
3677-TNKIO,False
6532-YLWSI,False
1162-ECVII,False
5310-NOOVA,False
4817-KEQSP,False
5175-WLYXL,False
7126-RBHSD,False
5959-BELXA,True
8990-ZXLSU,True
6510-UPNKS,False
8313-AFGBW,False
5394-MEITZ,False
9074-KGVOX,False
6425-YQLLO,False
1409-PHXTF,False
7010-BRBUU,False
5919-TMRGD,True
6145-NNPNO,False
5840-NVDCG,False
0708-SJDIS,False
0923-PNFUB,True
8637-XJIVR,True
5956-VKDTT,True
6905-NIQIN,False
9693-XMUOB,False
5998-VVEJY,False
7814-LEEVE,False
3324-OIRTO,False
3498-LZGQZ,False
7010-ZMVBF,False
5433-KYGHE,False
5312-IRCFR,False
6284-KMNUF,False
8319-QBEHW,False
7054-DMVAS,False
7055-HNEOJ,False
0822-GAVAP,True
2190-BCXEC,False
0431-APWVY,False
9927-DSWDF,False
4656-CAURT,False
4353-HYOJD,False
1866-DIOQZ,False
0654-PQKDW,False
1724-IQWNM,False
7696-CFTAT,False
1264-FUHCX,False
6128-AQBMT,False
1110-KYLGQ,False
0378-NHQXU,True
1725-MIMXW,False
3005-NFMTA,False
4704-ERYFC,True
2834-JKOOW,False
5186-PEIZU,False
5356-RHIPP,False
4115-UMJFQ,False
0621-HJWXJ,False
5443-SCMKX,False
8042-RNLKO,False
3524-WQDSG,False
9754-CLVZW,False
2530-FMFXO,False
4989-LIXVT,False
8930-XOTDP,False
9259-PACGQ,False
4282-ACRXS,False
4854-SSLTN,False
0056-EPFBG,False
9289-LBQVU,False
1004-NOZNR,False
7695-PKLCZ,False
0365-BZUWY,True
5970-GHJAW,False
3957-LXOLK,True
8450-JOVAH,False
3571-RFHAR,False
6413-XKKPU,False
7921-LMDFQ,False
1215-FIGMP,False
4652-NNHNY,True
2956-GGUCQ,True
6629-CZTTH,False
3429-IFLEM,False
2927-CVULT,False
6620-JDYNW,False
6465-GSRCL,False
1374-DMZUI,True
5016-ETTFF,False
2208-NKVVH,False
3503-TYDAY,False
5110-CHOPY,False
0231-LXVAP,True
1579-KLYDT,True
4183-MYFRB,True
5047-LHVLY,False
5399-ZIMKF,True
8670-MEFCP,False
2634-HCZGT,False
0723-DRCLG,True
0440-UEDAI,False
5120-ZBLAI,False
3763-GCZHZ,False
8510-TMWYB,False
6506-EYCNH,False
8229-TNIQA,False
4361-BKAXE,False
5018-LXQQG,False
1768-ZAIFU,True
4176-FXYBO,False
8148-WOCMK,False
7740-BTPUX,False
5799-JRCZO,False
6869-FGJJC,False
0508-OOLTO,True
7435-ZNUYY,False
5899-MQZZL,True
1676-MQAOA,False
2085-BOJKI,False
9947-OTFQU,True
9776-OJUZI,False
5567-GZKQY,False
4098-NAUKP,False
9795-SHUHB,False
2988-GBIVW,False
3665-JATSN,False
6576-FBXOJ,False
5590-BYNII,True
7064-FRRSW,False
7820-ZYGNY,False
7159-NOKYQ,False
5481-NTDOH,False
2143-LJULT,False
4132-KALRO,True
0635-WKOLD,False
2369-UAPKZ,True
4811-JBUVU,False
0201-OAMXR,False
7980-MHFLQ,False
9752-ZNQUT,False
3722-WPXTK,True
9845-PEEKO,False
1625-JAIIY,False
9651-GTSAQ,False
4480-QQRHC,True
2272-UOINI,False
2308-STERM,False
3079-BCHLN,False
0139-IVFJG,True
3404-JNXAX,False
7799-DSEWS,False
8859-DZTGQ,False
9087-EYCPR,False
0164-APGRB,False
0623-GDISB,False
5939-SXWHM,False
4323-SADQS,False
3785-KTYSH,False
4785-QRJHC,False
1877-HKBQX,False
4929-XIHVW,True
0409-WTMPL,False
1796-JANOW,False
1459-QNFQT,False
2969-WGHQO,False
9637-CDTKZ,False
1935-IMVBB,False
4024-CSNBY,False
8434-PNQZX,False
6179-GJPSO,False
7542-CYDDM,False
0215-BQKGS,False
2519-TWKFS,False
7426-RHZGU,True
9959-WOFKT,False
9803-FTJCG,False
0310-SUCIN,False
1697-BCSHV,False
2481-SBOYW,False
9167-APMXZ,True
1208-NBVFH,False
9534-NSXEM,False
5060-TQUQN,False
2074-GKOWZ,True
2055-SIFSS,False
8039-EQPIM,False
2506-TNFCO,True
0732-OCQOC,False
0329-GTIAJ,True
3653-NCRDJ,False
7029-RPUAV,True
3205-MXZRA,False
7394-FKDNK,True
6233-HXJMX,False
0481-SUMCB,False
8383-SGHJU,False
4350-ZTLPI,False
8433-WPJTV,False
7486-KSRVI,False
1436-ZMJAN,False
5266-PFRQK,False
9530-EHPOH,False
8063-GBATB,True
4873-ILOLJ,True
2868-MZAGQ,True
6067-NGCEU,False
5043-TRZWM,True
5989-AXPUC,False
5937-EORGB,True
7541-YLXCL,False
7878-JGDKK,False
1370-GGAWX,False
7410-KTVFV,False
3780-DDGSE,False
4742-TXUEX,False
4879-GZLFH,False
6124-ACRHJ,False
3166-PNEOF,False
6384-VMJHP,False
7998-ZLXWN,False
8640-SDGKB,False
8084-OIVBS,False
1769-GRUIK,True
4553-DVPZG,False
2905-KFQUV,True
4526-ZJJTM,True
6215-NQCPY,True
3649-JPUGY,False
3703-TTEPD,False
0971-QIFJK,False
2669-OIDSD,False
7595-EHCDL,False
3701-SFMUH,False
3585-YNADK,False
0516-VRYBW,False
4307-KWMXE,False
2868-SNELZ,True
2468-SJFLM,True
5792-JALQC,False
7321-PKUYW,True
3638-WEABW,False
8290-YWKHZ,True
7159-FVYPK,False
3838-OZURD,False
7526-BEZQB,True
5204-QZXPU,False
6265-SXWBU,False
0380-ZCSBI,False
1641-RQDAY,True
0621-TWIEM,False
2612-PHGOX,False
3694-DELSO,False
6479-SZPLM,False
7743-EXURX,False
5222-IMUKT,True
2933-FILNV,True
9648-BCHKM,False
9257-AZMTZ,False
7964-YESJC,False
5501-TVMGM,True
8295-FHIVV,False
2754-SDJRD,True
7296-PIXQY,True
2592-HODOV,False
2931-SVLTV,False
5297-MDOIR,False
5453-AXEPF,True
0168-XZKBB,True
5392-AKEMH,False
0804-YGEQV,False
9492-TOKRI,True
4163-KIUHY,False
8708-XPXHZ,True
2863-IMQDR,False
2237-ZFSMY,False
3744-ZRRDZ,True
3645-DEYGF,False
6762-QVYJO,False
5868-YTYKS,False
9814-AOUDH,False
8515-OCTJS,False
6872-HXFNF,False
5673-FSSMF,True
3223-DWFIO,True
6637-KYRCV,True
2270-CHBFN,False
7774-OJSXI,False
5318-IXUZF,True
2223-GDSHL,False
6479-VDGRK,False
4114-QMKVN,False
5474-LAMUQ,False
5445-GLVOT,False
2616-UUTFK,False
7609-YBPXG,False
6100-FJZDG,False
6890-PFRQX,False
3776-EKTKM,True
4547-LYTDD,True
7312-XSBAT,False
2595-KIWPV,False
3473-XIIIT,True
3057-VJJQE,False
9445-SZLCH,False
3990-QYKBE,True
4676-MQUEA,False
0076-LVEPS,False
7206-GZCDC,True
4849-PYRLQ,False
6015-VVHHE,True
1389-WNUIB,False
6147-CBCRA,False
4676-WLUHT,False
0440-EKDCF,False
7167-PCEYD,False
5456-ITGIC,False
4195-PNGZS,False
1306-RPWXZ,False
2851-STERV,False
5502-RLUYV,False
7279-BUYWN,True
8331-ZXFOE,False
1122-JWTJW,True
7531-GQHME,False
2804-ETQDK,False
5816-SCGFC,False
0442-ZXKVS,False
4277-BWBML,False
7599-FKVXZ,False
0388-EOPEX,True
5651-CPDND,False
5089-IFSDP,False
7102-JJVTX,False
3707-LRWZD,False
5955-EPOAZ,False
7516-GMHUV,False
8727-JQFHV,False
2332-TODQS,False
1450-SKCVI,False
0639-TSIQW,False
8626-PTQGE,False
4816-LXZYW,True
8752-IMQOS,False
6946-LMSQS,False
6326-MTTXK,True
3707-GNWHM,True
1602-IJQQE,True
5906-DVAPM,False
2722-JMONI,False
6223-DHJGV,False
0585-EGDDA,False
3146-JTQHR,False
3068-OMWZA,True
9938-EKRGF,False
7105-MXJLL,False
1984-FCOWB,False
2796-NNUFI,False
6789-HJBWG,False
9283-LZQOH,True
7596-LDUXP,False
6616-AALSR,False
8878-HMWBV,False
3043-SUDUA,False
8919-FYFQZ,False
1660-HSOOQ,False
3569-EDBPQ,False
7255-SSFBC,False
1194-BHJYC,False
6849-WLEYG,False
6981-TDRFT,False
8028-PNXHQ,False
4182-BGSIQ,False
1502-XFCVR,False
6960-HVYXR,True
3726-TBHQT,False
9564-KCLHR,False
1840-BIUOG,False
9885-CSMWE,True
3589-PPVKW,False
2521-NPUZR,False
9640-ZSLDC,False
4801-KFYKL,False
6505-OZNPG,False
4189-NAKJS,False
2452-SNHFZ,False
3541-ZNUHK,False
7632-MNYOY,False
6302-JGYRJ,False
1422-DGUBX,False
5458-CQJTA,False
4193-ORFCL,False
2439-QKJUL,False
0820-FNRNX,False
3486-KHMLI,False
5146-YYFRZ,False
6873-UDNLD,False
5893-KCLGT,False
7377-DMMRI,False
6496-SLWHQ,True
8109-YUOHE,False
9896-UYMIE,False
1131-SUEKT,False
2931-FSOHN,False
7446-SFAOA,False
7825-ECJRF,False
7560-QRBXH,False
3518-PZXZQ,True
2826-DXLQO,False
0516-UXRMT,False
7587-AOVVU,False
8859-AXJZP,False
4662-EKDPQ,False
2839-RFSQE,False
6362-QHAFM,False
6298-QDFNH,True
7586-ZATGZ,False
6559-RAKOZ,False
4566-QVRRW,False
8931-GJJIQ,True
5377-NDTOU,False
3170-GWYKC,False
3808-HFKDE,False
1352-HNSAW,False
1455-HFBXA,False
1951-IEYXM,False
1237-WIYYZ,False
0018-NYROU,True
4393-GEADV,False
8582-KRHPJ,False
0885-HMGPY,False
0916-KNFAJ,False
4877-EVATK,False
9442-JTWDL,False
9938-ZREHM,False
6425-JWTDV,False
1271-SJBGZ,True
9489-DEDVP,False
5707-ORNDZ,False
3085-QUOZK,False
8821-XNHVZ,True
2832-KJCRD,True
9494-MRNYX,True
6297-NOOPG,False
6704-UTUKK,False
1307-TVUFB,False
4335-UPJSI,False
8490-BXHEO,True
5376-PCKNB,False
1421-HCERK,False
6288-CHQJB,False
1265-HVPZB,False
4550-VBOFE,False
6461-SZMCV,False
2418-TPEUN,False
9866-QEVEE,True
6917-YACBP,False
5016-LIPDW,False
0625-AFOHS,False
3612-YVGSJ,False
7748-UMTRK,True
8680-CGLTP,False
8992-OBVDG,False
2808-CHTDM,False
6483-OATDN,False
2967-MXRAV,False
3948-FVVRP,False
9685-WKZGT,True
6907-CQGPN,False
3580-HYCSP,False
1480-IVEVR,False
2363-BJLSL,False
9000-PLFUZ,False
6556-DBKZF,False
4567-AKPIA,False
4232-JGKIY,False
3936-QQFLL,False
9692-TUSXH,True
0804-XBFBV,False
7173-TETGO,False
2330-PQGDQ,False
1396-QWFBJ,False
6380-ARCEH,False
4951-UKAAQ,True
7868-TMWMZ,False
3354-OADJP,False
8384-FZBJK,False
4403-BWPAY,False
2545-EBUPK,True
2482-CZGBB,True
1493-AMTIE,False
6370-ZVHDV,False
5671-RQRLP,False
3995-WFCSM,False
1415-YFWLT,True
8590-OHDIW,False
5931-FLJJF,True
4250-WAROZ,False
8805-JNRAZ,False
2034-GDRCN,True
9552-TGUZV,False
2659-VXMWZ,False
2108-XWMPY,False
7956-XQWGU,False
4957-TREIR,False
8944-AILEF,False
1522-VVDMG,True
2081-KJSQF,False
1862-QRWPE,False
2996-XAUVF,False
6685-XSHHU,False
1991-VOPLL,False
5561-NWEVX,True
0032-PGELS,False
0328-GRPMV,True
4001-TSBTV,False
5202-IVJNU,False
8752-GHJFU,False
2749-CTKAJ,False
5160-UXJED,False
0458-HEUZG,False
6457-GIRWB,True
2348-KCJLT,False
2514-GINMM,True
0661-KBKPA,False
9743-DQKQW,True
2203-GHNWN,False
5268-DSMNQ,False
1635-FJFCC,False
6599-SFQVE,True
0318-ZOPWS,False
0303-WMMRN,False
2720-WGKHP,True
8879-XUAHX,False
8008-ESFLK,False
5906-CVLHP,False
1998-VHJHK,False
4072-IPYLT,False
1114-CENIM,False
1400-WIVLL,False
4317-VTEOA,False
5788-YPOEG,False
6128-DAFVY,False
7625-XCQRH,True
4732-RRJZC,False
4710-NKCAW,False
6778-EICRF,False
5188-HGMLP,False
5997-OPVFA,False
1810-MVMAI,False
3500-RMZLT,False
8387-UGUSU,False
2883-ILGWO,False
9548-ZMVTX,False
3644-QXEHN,True
2525-GVKQU,False
1852-XEMDW,False
2697-NQBPF,True
6437-UKHMV,True
4712-UYOOI,False
0689-DSXGL,False
0447-RXSGD,True
2277-VWCNI,False
0533-UCAAU,False
7113-HIPFI,False
6652-YFFJO,True
9297-FVVDH,False
2873-ZLIWT,False
7733-UDMTP,False
7851-WZEKY,True
1492-KGETH,False
9134-CEQMF,True
8246-SHFGA,False
8059-UDZFY,True
0650-BWOZN,True
9786-YWNHU,False
5025-GOOKI,False
2987-BJXIK,False
2858-EIMXH,False
3778-FOAQW,False
2805-EDJPQ,False
2359-QWQUL,False
7668-XCFYV,True
7718-RXDGG,True
3167-SNQPL,True
4581-LNWUM,True
9067-SQTNS,False
6961-VCPMC,False
1427-VERSM,False
3754-DXMRT,True
7968-QUXNS,False
9758-MFWGD,False
1032-MAELW,False
8819-IMISP,False
1583-IHQZE,True
4702-IOQDC,True
3219-JQRSL,False
4785-NKHCX,False
5122-CYFXA,False
7233-DRTRF,False
9359-UGBTK,False
0420-TXVSG,False
2958-NHPPS,False
1045-LTCYT,False
6848-HJTXY,False
6581-NQCBA,True
5935-FCCNB,True
8329-IBCTI,False
8809-XKHMD,False
9094-AZPHK,True
2054-PJOCK,False
9103-TCIHJ,False
6857-VWJDT,True
7634-WSWDB,False
9199-PWQVC,False
8705-WZCYL,False
0322-YINQP,False
7246-ZGQDF,False
7629-WFGLW,False
8221-EQDGL,False
0428-IKYCP,True
5906-BFOZT,False
3316-UWXUY,False
3481-JHUZH,False
0327-WFZSY,False
9732-KPKBW,False
3272-VUHPV,False
3955-JBZZM,True
8749-JMNKX,False
2424-WVHPL,True
8565-WUXZU,False
2840-XANRC,True
3646-ITDGM,False
0320-DWVTU,False
3209-ZPKFI,False
8901-UPRHR,False
1867-BDVFH,True
8261-GWDBQ,False
3254-YRILK,True
8267-KFGYD,False
5423-BHIXO,False
2466-NEJOJ,False
0867-LDTTC,False
9531-NSBMR,False
0376-YMCJC,True
2058-DCJBE,True
8577-QSOCG,False
9787-XVQIU,True
9003-CPATH,False
7136-RVDTZ,False
0366-NQSHS,False
8375-DKEBR,True
6022-KOUQO,False
0637-KVDLV,True
5312-UXESG,False
8695-WDYEA,False
6122-LJADA,False
7869-ZYDST,False
8630-FJLIB,True
6656-JWRQX,False
7473-ZBDSN,False
2234-EOFPT,False
9661-JALZV,False
0866-QLSIR,False
2303-PJYHN,False
9314-IJWSQ,True
0123-CRBRT,False
6518-LGAOV,True
5708-EVONK,False
3234-VKACU,False
2812-SFXMJ,False
7666-WKRON,False
3442-ZHHCC,False
5480-XTFFL,False
1303-SRDOK,False
4373-MAVJG,True
0727-BMPLR,False
5129-JLPIS,False
0238-WHBIQ,False
9957-YODKZ,True
7460-ITWWP,False
7018-FPXHH,False
8066-POXGX,True
7892-POOKP,True
8887-IPQNC,False
9129-UXERG,True
2379-GYFLQ,False
3027-YNWZU,False
5175-AOBHI,False
4872-JCVCA,False
9184-GALIL,False
7009-PCARS,False
6230-BSUXY,True
9093-FPDLG,True
1343-EHPYB,False
8166-ZZTFS,False
9809-IMGCQ,True
8739-XNIKG,True
5651-WYIPH,False
5148-HKFIR,False
7240-FQLHE,True
6990-YNRIO,False
2885-HIJDH,False
8777-PVYGU,False
8086-OVPWV,True
8552-OBVRU,False
4471-KXAUH,False
5995-SNNEW,True
4822-LPTYJ,False
9178-JHUVJ,False
0909-SDHNU,False
9644-KVCNC,False
8199-ZLLSA,False
3384-CTMSF,True
4128-ETESU,True
2181-UAESM,False
5197-YPYBZ,False
4029-HPFVY,True
8755-IWJHN,False
5960-WPXQM,True
4544-RXFMG,False
5052-PNLOS,True
2091-MJTFX,False
5832-TRLPB,False
7205-BAIAD,False
4723-BEGSG,False
7130-YXBRO,False
6686-YPGHK,False
1855-CFULU,False
3892-NXAZG,False
7853-WNZSY,False
0463-TXOAK,False
7802-EFKNY,True
6072-NUQCB,False
1402-PTHGN,False
1333-PBMXB,False
7407-SUJIZ,False
0582-AVCLN,False
8835-VSDSE,True
9667-TKTVZ,False
9210-IAHGH,False
5543-QDCRY,True
4592-IWTJI,False
1657-DYMBM,False
4359-INNWN,False
0562-KBDVM,False
0148-DCDOS,True
2676-ISHSF,False
8885-QSQBX,False
0516-QREYC,False
1389-CXMLU,True
4779-ZGICK,False
8404-VIOMB,False
5828-AVIPD,False
8280-MQRQN,False
6976-BWGLQ,False
3675-YDUPJ,False
2160-GPFXD,False
4443-EMBNA,False
0064-YIJGF,False
7416-CKTEP,False
3468-DRVQJ,False
9050-IKDZA,True
3229-USWAR,False
4976-LNFVV,False
3884-HCSWG,True
4999-IEZLT,False
3814-MLAXC,False
0019-GFNTW,False
3190-XFANI,False
6584-VQMYT,False
2192-OZITF,False
6158-HDPXZ,False
0030-FNXPP,False
3727-OWVYD,False
6689-TCZHQ,True
5243-SAOTC,False
0956-SYCWG,False
5150-ITWWB,True
1262-OPMFY,True
5092-STPKP,False
0701-TJSEF,False
3957-HHLMR,False
8309-PPCED,False
7446-KQISO,False
7325-ENZFI,False
1810-BOHSY,False
1000-AJSLD,False
7016-BPGEU,False
9092-GDZKO,False
2860-RANUS,True
5133-VRSAB,False
7861-UVUFT,True
7794-JASDG,False
4194-FJARJ,False
2892-GESUL,False
2195-VVRJF,False
9286-BHDQG,False
7951-QKZPL,False
5605-IYGFG,True
7191-ADRGF,False
7571-YXDAD,True
7824-PANSQ,False
7218-HKQFK,True
3824-RHKVR,False
4480-MBMLB,False
6726-NNFWD,False
9943-VSZUV,False
1100-DDVRV,False
8561-NMTBD,False
3197-NNYNB,False
6416-TVAIH,True
5445-UTODQ,True
0967-BMLBD,False
0106-UGRDO,False
8966-SNIZF,False
4139-DETXS,False
0122-OAHPZ,True
4919-MOAVT,True
9339-FIIJL,False
7562-GSUHK,True
2300-RQGOI,False
1031-IIDEO,True
6959-UWKHF,False
1623-NLDOT,False
3966-HRMZA,True
6733-LRIZX,False
0266-GMEAO,False
3913-RDSJZ,False
7359-PTSXY,False
1202-KKGFU,False
8337-UPOAQ,True
5577-OTWWW,False
5046-NUHWD,False
2796-UUZZO,False
8123-QBNAZ,False
7271-AJDTL,False
1452-UZOSF,False
2041-JIJCI,True
5839-SUYVZ,False
3714-NTNFO,False
7975-JMZNT,False
3569-JFODW,False
8722-NGNBH,False
6365-HITVU,False
1958-RNRKS,False
7989-VCQOH,False
6350-XFYGW,True
5055-BRMNE,False
3865-ZYKAD,False
4884-LEVMQ,False
2806-MLNTI,False
2519-FAKOD,False
2798-NYLMZ,False
0334-GDDSO,True
1335-NTIUC,True
9847-HNVGP,False
5886-VLQVU,False
4827-DPADN,False
6048-NJXHX,False
4006-HKYHO,False
5307-DZCVC,True
0023-XUOPT,True
2560-QTSBS,False
5343-SGUBI,False
2603-HVKCG,True
8224-KDLKN,False
8949-JTMAY,True
7013-PSXHK,False
6797-UCJHZ,False
9223-UCPVT,True
7841-TZDMQ,False
0906-QVPMS,False
0201-MIBOL,False
2511-MORQY,False
9420-LOJKX,False
7627-JKIAZ,False
3143-JQEGI,True
2480-EJWYP,False
5908-QMGOE,True
4685-TFLLS,False
8639-NHQEI,False
4673-KKSLS,False
2675-IJRGJ,False
8731-WBBMB,False
9152-AMKAK,False
6710-HSJRD,False
4910-AQFFX,True
7502-BNYGS,False
1221-GHZEP,False
5473-KHBPS,False
4550-EVXNY,True
4801-JZAZL,False
3963-RYFNS,False
0674-DGMAQ,True
7596-ZYWBB,False
1834-ABKHQ,False
9079-LWTFD,False
7449-HVPIV,False
4729-XKASR,True
9689-PTNPG,True
7601-GNDYK,False
1403-LKLIK,False
6967-QIQRV,False
1971-DTCZB,False
8720-RQSBJ,False
4580-TMHJU,False
5424-RLQLC,False
6621-YOBKI,False
5414-OFQCB,False
2979-SXESE,False
4983-CLMLV,False
4925-LMHOK,False
7534-BFESC,True
9574-RKJIF,False
8543-MSDMF,False
3934-HXCFZ,True
9142-XMYJH,False
9895-VFOXH,True
6844-DZKRF,False
6080-TCMYC,False
1942-OQFRW,False
0979-MOZQI,False
8512-WIWYV,False
2729-VNVAP,False
8229-BUJHX,False
1494-EJZDW,False
4957-TIALW,False
2716-GFZOR,False
0259-GBZSH,True
3387-VATUS,True
5472-CVMDX,False
4432-ADRLB,False
4827-LTQRJ,False
7254-IQWOZ,True
5371-VYLSX,False
6833-JMZYP,True
2360-RDGRO,False
9090-SGQXL,False
1293-BSEUN,False
4817-QRJSX,True
6968-MHOMU,False
7577-SWIFR,True
7858-GTZSP,True
0813-TAXXS,False
0404-SWRVG,True
6227-HWPWX,False
6035-RIIOM,False
0282-NVSJS,False
9700-ZCLOT,False
8082-GHXOP,False
0599-XNYDO,True
6115-ZTBFQ,False
4102-HLENU,False
3797-FKOGQ,True
3577-AMVUX,False
7408-OFWXJ,False
3794-NFNCH,False
0141-YEAYS,True
6502-KUGLL,False
1895-QTKDO,False
2933-XEUJM,False
1833-VGRUM,True
7963-SHNDT,False
1963-SVUCV,False
3647-GMGDH,True
0929-PECLO,False
5134-IKDAY,True
9730-DRTMJ,False
4130-MZLCC,False
8097-VBQTZ,False
1905-OEILC,False
8784-CGILN,True
0856-NAOES,False
7551-DACSP,False
9441-QHEVC,False
5206-HPJKM,False
7903-CMPEY,True
7363-QTBIW,True
2925-VDZHY,False
8182-PNAGI,False
1839-FBNFR,False
6522-YRBXD,True
5954-BDFSG,False
2858-MOFSQ,False
0229-LFJAF,False
7346-MEDWM,False
0665-XHDJU,False
7426-WEIJX,False
6904-JLBGY,False
7758-XKCBS,False
8819-WFGGJ,False
8089-UZWLX,False
7544-ZVIKX,False
8761-NSOBC,False
9866-OCCKE,False
3283-WCWXT,False
6278-FEPBZ,False
9800-OUIGR,False
1918-ZBFQJ,True
8875-AKBYH,True
3308-MHOOC,False
2233-FAGXV,False
3720-DBRWL,False
5301-GAUUY,False
6481-OGDOO,False
8612-GXIDD,False
5022-KVDQT,True
0575-CUQOV,False
2937-FTHUR,False
6168-WFVVF,True
0761-AETCS,False
9818-XQCUV,False
5640-CAXOA,False
5945-AZYHT,False
6198-RTPMF,True
0225-ZORZP,True
6582-OIVSP,False
7872-RDDLZ,False
2040-OBMLJ,False
2692-BUCFV,True
2479-BRAMR,False
6416-YJTTB,False
7217-JYHOQ,False
3255-GRXMG,False
5522-NYKPB,False
0749-IRGQE,True
4806-KEXQR,True
3689-MOZGR,False
1813-JYWTO,False
1403-GYAFU,False
5696-CEIQJ,False
7929-DMBCV,False
5223-UZAVK,False
6240-EURKS,False
3716-UVSPD,False
6656-GULJQ,False
8402-EIVQS,False
3164-AALRN,False
0733-VUNUW,False
1074-WVEVG,False
0835-JKADZ,False
9747-DDZOS,True
7168-HDQHG,False
9945-PSVIP,False
7326-RIGQZ,True
1357-BIJKI,False
0137-UDEUO,False
6691-CCIHA,False
2672-HUYVI,True
1814-DKOLC,False
0862-PRCBS,False
4994-OBRSZ,False
6267-DCFFZ,True
5982-FPVQN,False
3655-SNQYZ,False
9717-IOAAF,False
5027-YOCXN,False
0567-GGCAC,False
8292-TYSPY,False
6479-OAUSD,False
2924-KHUVI,False
6569-KTMDU,False
2197-OMWGI,False
4238-HFHSN,False
2007-QVGAW,False
0040-HALCW,False
7767-UXAGJ,True
1015-OWJKI,False
3338-CVVEH,True
6933-FHBZC,False
4118-CEVPF,False
5884-FBCTL,False
2027-OAQQC,False
4918-QLLIW,False
5536-SLHPM,False
1716-LSAMB,False
2696-ECXKC,False
3317-HRTNN,True
4791-QRGMF,False
2180-DXNEG,True
0011-IGKFF,True
9845-QOMAD,False
6508-NJYRO,False
0793-TWELN,True
1708-PBBOA,False
3612-YUNGG,False
1767-CJKBA,False
9518-XXBXE,True
9702-AIUJO,False
7801-CEDNV,False
5553-AOINX,False
9248-OJYKK,True
3845-FXCYS,False
4065-JJAVA,False
5914-DVBWJ,True
4750-ZRXIU,True
8642-GVWRF,True
9620-QJREV,False
9282-IZGQK,True
8610-ZIKJJ,False
6087-MVHJH,True
1140-UKVZG,False
7310-EGVHZ,False
2251-PYLPB,False
4080-IIARD,False
7636-PEPNS,False
0603-OLQDC,False
7764-BDPEE,False
3374-PZLXD,False
7272-QDCKA,False
7328-ZJAJO,False
3785-NRHYR,False
7976-CICYS,False
1518-OMDIK,False
5600-KTXFM,True
2642-DTVCO,True
7661-CPURM,False
9462-MJUAW,False
5843-TTHGI,False
6467-CHFZW,False
7452-FOLON,False
0557-ASKVU,False
4026-SKKHW,False
8128-YVJRG,True
4962-CHQPW,False
0902-RFHOF,False
3070-BDOQC,False
2232-DMLXU,False
3544-FBCAS,False
4250-FDVOU,False
6137-MFAJN,False
0377-JBKKT,False
2982-VPSGI,True
5177-RVZNU,False
6458-CYIDZ,True
0556-FJEGU,False
3594-KADLU,False
9720-JJJOR,False
8778-LMWTJ,True
2660-EMUBI,True
7459-IMVYU,False
0015-UOCOJ,False
6923-AQONU,False
5248-RPYWW,False
7410-YTJIK,True
0356-ERHVT,False
3836-FZSDJ,False
7941-RCJOW,False
4816-OKWNX,False
9514-JDSKI,True
1228-ZLNBX,False
4329-YPDDQ,False
3005-TYFRD,False
8993-IZEUX,True
1086-LXKFY,True
3590-TCXTB,False
7570-WELNY,False
5449-FIBXJ,True
7208-PSIHR,False
0675-NCDYU,False
4891-NLUBA,False
3557-HTYWR,False
6728-CZFEI,False
7299-GNVPL,False
0970-ETWGE,True
7925-PNRGI,False
6480-YAGIY,False
6897-RWMUB,False
6851-WEFYX,True
8181-YHCMF,False
7989-AWGEH,False
0657-DOGUM,False
5753-QQWPW,False
1699-UOTXU,False
4749-VFKVB,False
0620-DLSLK,True
8100-PNJMH,False
5074-FBGHB,False
8024-XNAFQ,False
7402-PWYJJ,False
7301-ABVAD,False
0691-IFBQW,False
7943-RQCHR,True
3422-WJOYD,False
2621-UDNLU,False
3318-ISQFQ,False
4853-RULSV,False
7145-FEJWU,True
7789-HKSBS,False
6655-LHBYW,False
0730-KOAVE,False
4854-CIDCF,True
9274-CNFMO,True
2150-WLKUW,False
4659-NZRUF,True
9728-FTTVZ,True
6653-CBBOM,True
0330-BGYZE,False
8080-POTJR,False
5656-MJEFC,False
1498-NHTLT,False
7074-STDCN,False
2568-BRGYX,True
3049-SOLAY,True
2516-XSJKX,False
5073-RZGBK,False
7409-JURKQ,False
4716-MRVEN,False
1087-UDSIH,False
3181-MIZBN,False
6034-YMTOB,False
7854-EKTJL,False
2878-DHMIN,False
1666-JXLKU,True
9894-QMIMJ,False
8454-AATJP,False
6650-VJONK,False
0943-ZQPXH,False
8263-OKETD,False
9835-ZIITK,False
6288-LBEAR,False
8573-JGCZW,False
9481-WHGWY,False
4646-QZXTF,False
2436-QBZFP,False
7219-TLZHO,False
4616-EWBNJ,False
5854-KSRBJ,False
3096-GKWEB,True
8200-LGKSR,False
2703-AMTUL,False
5353-WILCI,False
0637-YLETY,True
8644-XLFBW,True
0068-FIGTF,False
0374-FIUCA,False
2673-CXQEU,False
0536-BGFMZ,False
5357-TZHPP,True
3669-LVWZB,True
4690-LLKUA,False
6131-IUNXN,False
4717-GHADL,False
0927-CNGRH,False
3638-DIMPH,False
3466-BYAVD,False
0496-AHOOK,False
8259-NFJTV,False
6173-GOLSU,False
0256-LTHVJ,False
5542-TBBWB,True
4911-BANWH,False
5135-GRQJV,False
4123-FCVCB,False
2239-JALAW,False
7242-EDTYC,False
5336-UFNZP,False
7000-WCEVQ,False
3761-FLYZI,False
0074-HDKDG,False
5766-ZJYBB,False
8098-TDCBU,False
3156-QLHBO,False
8184-WMOFI,False
3387-PLKUI,False
3733-UOCWF,False
0164-XAIRP,False
7336-RLLRH,False
0319-QZTCO,False
9068-VPWQQ,False
1849-RJYIG,False
1552-AAGRX,False
7101-HRBLJ,False
4132-POCZS,False
0093-EXYQL,True
3348-CFRNX,False
8180-AKMJV,False
7340-KEFQE,False
8329-GWVPJ,False
7789-CRUVC,False
6500-JVEGC,False
4654-DLAMQ,False
8847-GEOOQ,False
9565-FLVCG,False
6727-IOTLZ,False
7024-OHCCK,True
6000-APYLU,True
3896-RCYYE,False
7663-ZTEGJ,False
0315-LVCRK,True
4583-PARNH,True
3199-NPKCN,False
9691-HKOVS,False
0723-VSOBE,False
8550-XSXUQ,False
0909-SELIE,False
2585-KTFRE,False
9138-EFSMO,False
6339-YPSAH,True
8707-HOEDG,False
7123-WQUHX,False
5197-PYEPU,False
6992-TKNYO,False
1442-BQPVU,False
3771-PZOBW,True
0187-WZNAB,False
4522-XRWWI,False
0260-ZDLGK,False
3756-VNWDH,False
9362-MWODR,False
0402-OAMEN,False
6064-ZATLR,False
7799-LGRDP,False
6682-QJDGB,False
7973-DZRKH,False
2645-QTLMB,True
9921-QFQUL,True
0129-KPTWJ,False
6617-WLBQC,False
6447-GORXK,False
2040-XBAVJ,False
7337-CINUD,False
2921-XWDJH,False
8627-EHGIP,False
0203-HHYIJ,False
1820-TQVEV,True
0880-TKATG,True
3523-BRGUW,False
5774-QPLTF,False
3097-FQTVJ,False
5828-DWPIL,False
7048-GXDAY,False
2792-LSHWX,False
1450-GALXR,True
0623-IIHUG,False
2342-CKIAO,False
4121-AGSIN,False
3719-TDVQB,False
7609-NRNCA,False
1131-QQZEB,False
5651-CRHKQ,False
2293-IJWPS,False
5136-KCKGI,False
0096-BXERS,False
2928-HLDBA,False
8601-QACRS,False
4735-BJKOU,False
7721-JXEAW,False
0578-SKVMF,False
0396-UKGAI,False
1304-SEGFY,False
7881-EVUAD,True
6917-IAYHD,False
3945-GFWQL,False
0239-OXEXL,False
7996-MHXLW,False
2654-VBVPB,False
8775-ERLNB,True
9028-LIHRP,False
6227-FBDXH,False
8016-ZMGMO,False
4140-WJAWW,False
7005-CYUIL,False
0083-PIVIK,False
4859-ZSRDZ,False
0480-BIXDE,True
2096-XOTMO,False
5067-DGXLL,False
8780-YRMTT,False
3755-JBMNH,True
6319-QSUSR,False
6340-DACFT,False
9560-ARGQJ,True
9805-FILKB,False
4797-MIWUM,False
5196-SGOAK,True
3617-XLSGQ,False
9696-RMYBA,True
8165-ZJRNM,False
1324-NLTJE,False
6583-QGCSI,False
8849-GYOKR,False
7547-EKNFS,False
1257-SXUXQ,False
1996-DBMUS,False
6323-AYBRX,False
1897-RCFUM,False
5183-SNMJQ,True
6463-MVYRY,False
4318-RAJVY,False
8705-DWKTI,False
3420-YJLQT,True
0962-CQPWQ,False
8144-DGHXP,False
8823-RLPWL,False
1254-IZEYF,True
0619-OLYUR,False
2115-BFTIW,False
8984-HPEMB,False
7601-WFVZV,False
2260-USTRB,True
7569-NMZYQ,False
8671-KKKOS,False
7994-UYIVZ,True
5129-HHMZC,False
1766-GKNMI,True
1629-DQQVB,False
8433-WXGNA,True
6715-OFDBP,True
5760-IFJOZ,True
3508-CFVZL,False
4211-MMAZN,False
3129-AAQOU,False
2637-FKFSY,False
0628-CNQRM,False
2682-KEVRP,False
1925-GMVBW,False
3721-CNZHX,False
8573-CGOCC,False
0224-NIJLP,False
0486-HECZI,False
1728-BQDMA,False
2205-LPVGL,False
9097-ZUBYC,False
5325-UWTWJ,False
4566-GOLUK,False
2577-GVSIL,False
3224-DFQNQ,False
1545-ACTAS,False
3680-CTHUH,False
5701-GUXDC,False
5216-WASFJ,True
1260-TTRXI,False
3258-ZKPAI,False
3373-YZZYM,False
6519-CFDBX,False
6817-WTYHE,False
8564-LDKFL,False
0093-XWZFY,False
4009-ALQFH,True
1761-AEZZR,True
8651-ENBZX,False
7079-QRCBC,True
3672-YITQD,True
4360-QRAVE,False
4847-QNOKA,False
6086-ESGRL,True
0491-KAPQG,True
9750-BOOHV,False
8773-HHUOZ,False
4508-OEBEY,False
1016-DJTSV,True
8260-NGFNY,False
9169-BSVIN,False
7242-QZLXF,True
1410-RSCMR,False
9365-CSLBQ,False
5192-EBGOV,True
3165-HDOEW,False
3130-ICDUP,False
8966-KZXXA,False
2668-TZSPS,False
2097-YVPKN,False
8138-EALND,False
8660-BUETV,False
7873-CVMAW,False
3512-IZIKN,False
9828-QHFBK,False
6242-FEGFD,False
4056-QHXHZ,False
9867-XOBQA,False
2511-ALLCS,False
9987-LUTYD,False
3682-YEUWS,False
3055-OYMSE,False
5924-SNGKP,False
0958-YHXGP,True
8486-AYEQH,False
7108-DGVUU,False
5274-XHAKY,False
4657-FWVFY,False
3677-IYRBF,True
0506-YLVKJ,False
1488-PBLJN,False
7823-JSOAG,True
2023-VQFDL,False
4767-HZZHQ,False
2740-TVLFN,True
5980-NOPLP,True
3398-ZOUAA,True
0829-DDVLK,False
5131-PONJI,False
3003-CMDUU,True
7410-OIEDU,False
3804-RVTGV,False
3623-FQBOX,False
3370-GQEAL,False
7216-KAOID,False
1269-FOYWN,False
3882-IYOIJ,False
9348-YVOMK,False
4208-UFFGW,False
9342-VNIMQ,False
0594-UFTUL,False
1094-BKOSX,False
6421-SZVEM,False
4847-TAJYI,True
3162-ZJZFU,False
8234-GSZYK,False
7752-XUSCI,False
3727-JEZTU,False
2739-CCZMB,False
5693-PIPCS,False
0258-NOKBL,True
4641-FROLU,False
4957-SREEC,False
2452-MRMZF,False
1564-HJUVY,False
5482-PLVPE,True
4844-JJWUY,True
7576-JMYWV,False
1848-LBZHY,False
0089-IIQKO,False
7302-ZHMHP,False
7056-IMHCC,True
5747-PMBSQ,True
7758-UJWYS,False
8873-GLDMH,True
3530-CRZSB,False
3920-HIHMQ,False
8634-MPHTR,True
2791-SFVEW,False
6770-UAYGJ,False
7112-OPOTK,False
1530-ZTDOZ,False
3466-WAESX,False
3943-KDREE,False
0947-IDHRQ,True
4568-TTZRT,False
6732-VAILE,False
6807-SIWJI,False
2674-MIAHT,True
9168-INPSZ,True
2990-HWIML,True
4415-IJZTP,True
9495-REDIY,False
3191-CSNMG,True
3874-EQOEP,True
9575-IWCAZ,False
9708-KFDBY,False
6445-TNRXS,False
9089-UOWJG,False
4079-WWQQQ,False
7831-QGOXH,True
0495-RVCBF,True
1552-TKMXS,False
7124-UGSUR,False
4332-MUOEZ,False
7245-NIIWQ,True
4092-OFQZS,False
7696-AMHOD,False
3594-UVONA,False
4312-GVYNH,False
4760-XOHVN,False
8405-IGQFX,False
4833-QTJNO,False
4872-VXRIL,False
7244-KXYZN,False
9831-BPFRI,False
6518-PPLMZ,False
5882-CMAZQ,False
5993-BQHEA,False
4191-XOVOM,False
1732-FEKLD,False
3450-WXOAT,False
7225-CBZPL,True
7269-JISCY,False
7026-YMSBE,False
1095-JUDTC,False
3583-EKAPL,True
7294-TMAOP,True
3705-PSNGL,False
4871-JTKJF,True
1240-HCBOH,False
2277-DJJDL,False
8249-THVEC,False
8625-AZYZY,True
4315-MURBD,False
4987-GQWPO,False
9979-RGMZT,False
6861-OKBCE,False
6181-AXXYF,False
2636-ALXXZ,True
4629-NRXKX,True
6980-IMXXE,False
5550-VFRLC,True
2898-LSJGD,False
0208-BPQEJ,False
2157-MXBJS,False
4452-QIIEB,False
5293-WXJAK,True
5696-QURRL,False
5075-JSDKI,False
7552-KEYGT,False
5044-LRQAQ,True
5688-KZTSN,False
5067-XJQFU,False
0107-YHINA,True
6682-VCIXC,False
2656-FMOKZ,True
1814-WFGVS,False
7322-OCWHC,False
1705-GUHPV,False
2523-EWWZL,False
5889-JTMUL,True
2294-SALNE,False
1430-SFQSA,False
6979-ZNSFF,True
8902-ZEOVF,False
5524-KHNJP,False
6994-ORCWG,False
3244-DCJWY,True
0266-CLZKZ,False
3999-WRNGR,False
8258-GSTJK,True
1028-FFNJK,True
2108-GLPQB,False
9036-CSKBW,False
4011-ARPHK,False
7184-LRUUR,False
3992-YWPKO,True
8922-LIEGH,True
9135-MGVPY,False
3842-QTGDL,False
8118-TJAFG,True
6082-OQFBA,False
3090-HAWSU,False
2037-SGXHH,False
2272-QAGFO,True
5849-ASHZJ,False
2050-ONYDQ,False
6212-ATMLK,False
0302-JOIVN,True
4445-KWOKW,False
7138-GIRSH,False
4003-OCTMP,False
0564-JJHGS,True
3351-NQLDI,False
9057-SIHCH,True
9052-VKDUW,False
6893-ODYYE,False
4524-QCSSM,False
2057-BOYKM,False
6048-QBXKL,False
8981-FJGLA,True
7916-VCCPB,False
2845-AFFTX,True
6366-ZGQGL,True
8802-UNOJF,False
9964-WBQDJ,False
3237-AJGEH,False
1794-SWWKL,False
6158-DWPZT,False
2234-XADUH,False
1150-FTQGN,False
8945-GRKHX,True
6728-DKUCO,False
2625-TRCZQ,False
8992-JQYUN,True
8938-UMKPI,True
1061-PNTHC,False
4429-WYGFR,False
5982-XMDEX,False
9448-REEVD,False
5793-YOLJN,False
3969-JQABI,False
6339-RZCBJ,False
1092-GANHU,True
0504-HHAPI,True
4501-VCPFK,False
4609-KNNWG,False
3251-YMVWZ,False
1379-FRVEB,True
8111-SLLHI,True
3620-MWJNE,False
6141-OOXUQ,False
4324-BZCKL,False
6732-FZUGP,False
2249-YPRNG,True
8225-BTJAU,True
9027-TMATR,False
2495-KZNFB,False
2904-GGUAZ,False
4686-GEFRM,False
5242-UOWHD,False
1360-JYXKQ,False
2165-VOEGB,False
3705-RHRFR,False
5846-NEQVZ,False
0306-JAELE,True
7602-MVRMB,False
6892-XPFPU,True
0013-MHZWF,False
2040-VZIKE,False
1095-WGNGG,False
3597-YASZG,False
3428-XZMAZ,True
5862-BRIXZ,False
6427-FEFIG,False
0151-ONTOV,True
8696-JKZNU,False
3407-QGWLG,False
6516-NKQBO,False
7639-OPLNG,False
5542-NKVRU,False
4163-HFTUK,False
5356-KZCKT,False
6235-VDHOM,True
0292-WEGCH,False
7603-USHJS,False
5143-WMWOG,False
4952-YSOGZ,True
3472-OAOOR,False
5019-GQVCR,True
5014-GSOUQ,False
9402-ROUMJ,False
3012-VFFMN,False
7142-HVGBG,True
4328-VUFWD,False
1599-MMYRQ,False
3336-JORSO,True
5915-DGNVC,False
8597-CWYHH,False
2243-FNMMI,False
6075-QMNRR,False
0196-JTUQI,True
9415-TPKRV,False
8042-JVNFH,True
4338-EYCER,False
0602-DDUML,False
6680-NENYN,False
3703-KBKZP,True
0440-MOGPM,False
7401-JIXNM,False
9137-UIYPG,False
6549-YMFAW,False
7817-OMJNA,False
7698-YFGEZ,False
2159-TURXX,False
4115-BNPJY,False
1329-VHWNP,False
0487-RPVUM,False
7356-IWLFW,False
3374-TTZTK,False
9796-BPKIW,True
7851-FLGGQ,False
2474-LCNUE,False
7730-IUTDZ,False
7136-IHZJA,False
4973-MGTON,False
0744-BIKKF,False
1035-IPQPU,False
0731-EBJQB,False
3550-SAHFP,True
6338-AVWCY,True
6244-BESBM,False
1442-OKRJE,False
7298-IZWLY,False
9584-EXCDZ,False
8430-TWCBX,False
2250-IVBWA,False
5245-VDBUR,False
6961-MJKBO,False
6921-OZMFH,False
8979-CAMGB,False
